<beans xmlns="http://www.springframework.org/schema/beans"
	xmlns:xsi="http://www.w3.org/2001/XMLSchema-instance"
	xsi:schemaLocation="http://www.springframework.org/schema/beans 
	http://www.springframework.org/schema/beans/spring-beans-2.5.xsd">

	<bean class="org.springframework.web.servlet.handler.SimpleUrlHandlerMapping">
		<property name="mappings">
			<props>
		   			<prop key="/welcome.htm">welcomeController</prop>
		 	</props>
		</property>
	</bean>
	
	<bean id="welcomeController" 
		class="com.bvk.controller.WelcomeController" />
	
	<bean class="org.springframework.web.servlet.view.ResourceBundleViewResolver">
		<property name="basename" value="spring-views"/>
	</bean>
</beans>
