<?xml version="1.0" encoding="UTF-8"?>
<beans
	xmlns="http://www.springframework.org/schema/beans"
	xmlns:xsi="http://www.w3.org/2001/XMLSchema-instance"
	xmlns:p="http://www.springframework.org/schema/p"
	xsi:schemaLocation="http://www.springframework.org/schema/beans http://www.springframework.org/schema/beans/spring-beans-3.1.xsd">

	
		
	<bean id="empl" class="com.javalearning.entity.Employee" abstract="false" lazy-init="default" autowire="default">
		<property name="empid">
			<value type="int">1</value>
		</property>
		
		<property name="certifications">
			<set>
				<value>SCJP</value>
				<value>SCWCD</value>
			</set>
		</property>
		
		<property name="name">
			<value type="java.lang.String">Bhalchandra</value>
		</property>
		
		<property name="salary">
			<value type="float">80000</value>
		</property>
		
	</bean></beans>